{"model_type":"hgb","n_trees":10,"bias":-0.22421362,"threshold":0.05,"trees":[{"n_nodes":61,"features":[2,0,3,13,5,2,4,0,0,12,0,0,10,13,0,0,0,2,5,8,0,0,13,0,0,7,7,0,0,0,0,0,6,0,13,13,0,0,5,0,0,5,0,0,0,13,0,0,11,0,0,7,0,0,4,13,0,0,13,0,0],"thresholds":[0.05,0.0,0.2826,0.01,0.0063,0.65835,0.58335,0.0,0.0,0.325,0.0,0.0,0.5,0.0076,0.0,0.0,0.0,0.8294,0.0681,0.475,0.0,0.0,0.029,0.0,0.0,0.3327,0.0415,0.0,0.0,0.2622,0.0,0.0,0.2643,0.0864,0.0293,0.0281,0.0,0.0,0.0375,0.0,0.0,0.0778,0.2451,0.0,0.0,0.0072,0.0,0.0,0.5,0.049,0.0,0.0401,0.0,0.0,0.91665,0.0167,0.0,0.0,0.0071,0.0,0.0],"lefts":[1,-1,3,4,5,6,7,-1,-1,10,-1,-1,13,14,-1,-1,-1,18,19,20,-1,-1,23,-1,-1,26,27,-1,-1,30,-1,-1,33,34,35,36,-1,-1,39,-1,-1,42,43,-1,-1,46,-1,-1,49,50,-1,52,-1,-1,55,56,-1,-1,59,-1,-1],"rights":[2,-1,32,17,12,9,8,-1,-1,11,-1,-1,16,15,-1,-1,-1,25,22,21,-1,-1,24,-1,-1,29,28,-1,-1,31,-1,-1,48,41,38,37,-1,-1,40,-1,-1,45,44,-1,-1,47,-1,-1,54,51,-1,53,-1,-1,58,57,-1,-1,60,-1,-1],"values":[0.0,-0.89957222,2.12190592,2.24323056,2.2497145,2.25099618,0.62450507,0.11304847,0.61935881,2.251229,0.11304847,1.12565252,0.67776947,0.50099119,0.12786731,0.41164175,0.4344191,0.74216251,0.68019693,0.71891147,0.38203491,0.29195058,0.45450762,0.19053132,0.92314502,0.9180544,0.84269908,0.77648961,0.40772644,1.25607683,0.54478597,0.86150724,0.68561207,0.67685423,0.71624289,0.70834818,0.35850952,0.2723769,1.02775498,0.35414863,0.68040332,0.66823807,0.66427812,0.33736844,0.31700222,0.74834929,0.2156488,0.38994387,0.76188658,0.71051427,0.09357499,0.72584664,0.14436663,0.36906291,0.8112851,0.7848669,0.43858134,0.35477082,1.02275586,-0.03161163,0.54996602]},{"n_nodes":61,"features":[2,0,3,13,5,12,1,0,0,0,0,0,12,0,0,0,13,0,0,13,4,7,0,0,0,0,0,0,0,0,8,8,6,7,0,0,2,0,0,13,13,0,0,9,0,0,3,12,3,0,0,4,0,0,13,4,0,0,13,0,0],"thresholds":[0.05,0.0,0.2826,0.01,0.0063,0.625,0.54165,0.0,0.0,0.19545,0.0,0.0,0.625,0.19545,0.0,0.0,0.0094,0.0,0.0,0.0125,0.25,0.3135,0.0,0.0,0.0,0.2916,0.274,0.0,0.0,0.0,0.475,0.325,0.2789,0.0551,0.0,0.0,0.28745,0.0,0.0,0.0299,0.0051,0.0,0.0,0.5,0.0,0.0,0.45655,0.325,0.36955,0.0,0.0,0.58335,0.0,0.0,0.0052,0.75,0.0,0.0,0.029,0.0,0.0],"lefts":[1,-1,3,4,5,6,7,-1,-1,10,-1,-1,13,14,-1,-1,17,-1,-1,20,21,22,-1,-1,-1,26,27,-1,-1,-1,31,32,33,34,-1,-1,37,-1,-1,40,41,-1,-1,44,-1,-1,47,48,49,-1,-1,52,-1,-1,55,56,-1,-1,59,-1,-1],"rights":[2,-1,30,19,12,9,8,-1,-1,11,-1,-1,16,15,-1,-1,18,-1,-1,25,24,23,-1,-1,-1,29,28,-1,-1,-1,46,39,36,35,-1,-1,38,-1,-1,43,42,-1,-1,45,-1,-1,54,51,50,-1,-1,53,-1,-1,58,57,-1,-1,60,-1,-1],"values":[0.0,-0.66252345,1.30062584,1.39926045,1.40464506,1.40569875,0.3175355,0.07087776,0.5031166,1.40589752,0.05356251,0.7029818,0.33448998,0.44460531,0.15281888,0.3244486,0.08206297,-0.01643771,0.4899278,0.36661302,0.57147069,0.25686441,0.04085958,0.41235746,0.35150134,0.33754246,0.32550352,0.17355718,0.02913476,0.35058559,0.33665692,0.34593078,0.32575825,0.3190112,0.20614059,0.15611979,0.43063118,0.07183962,0.24739791,0.36599225,0.36479248,-0.01558514,0.18346511,1.1267573,0.28614661,0.85188592,0.30875785,0.37825046,0.46012827,0.16648731,0.29271414,0.32397908,0.19420336,0.11075785,0.28604264,0.79750794,0.49917682,-0.01771568,0.2807617,0.14432228,0.04085121]},{"n_nodes":61,"features":[2,0,3,13,5,12,2,0,0,2,0,0,5,5,0,0,6,0,0,7,6,6,0,0,0,0,0,13,13,0,0,13,0,0,6,7,13,0,0,7,12,0,0,0,0,0,13,6,7,0,0,1,0,0,5,13,0,0,7,0,0],"thresholds":[0.05,0.0,0.2826,0.01,0.0076,0.625,0.28745,0.0,0.0,0.65835,0.0,0.0,0.0347,0.025,0.0,0.0,0.1557,0.0,0.0,0.3388,0.2932,0.1188,0.0,0.0,0.1404,0.0,0.0,0.0269,0.0246,0.0,0.0,0.0287,0.0,0.0,0.1557,0.0304,0.0213,0.0,0.0,0.3768,0.175,0.0,0.0,0.2916,0.0,0.0,0.0053,0.2426,0.3327,0.0,0.0,0.375,0.0,0.0,0.0076,0.0225,0.0,0.0,0.1333,0.0,0.0],"lefts":[1,-1,3,4,5,6,7,-1,-1,10,-1,-1,13,14,-1,-1,17,-1,-1,20,21,22,-1,-1,25,-1,-1,28,29,-1,-1,32,-1,-1,35,36,37,-1,-1,40,41,-1,-1,44,-1,-1,47,48,49,-1,-1,52,-1,-1,55,56,-1,-1,59,-1,-1],"rights":[2,-1,34,19,12,9,8,-1,-1,11,-1,-1,16,15,-1,-1,18,-1,-1,27,24,23,-1,-1,26,-1,-1,31,30,-1,-1,33,-1,-1,46,39,38,-1,-1,43,42,-1,-1,45,-1,-1,54,51,50,-1,-1,53,-1,-1,58,57,-1,-1,60,-1,-1],"values":[0.0,-0.58378874,1.06041775,1.19163502,1.19915595,1.20059976,0.18753675,0.45774237,0.01675102,1.20088101,0.11417126,0.60048368,0.16498677,0.35963316,0.06783704,0.3853088,0.06299701,0.1549686,-0.09218116,0.1898186,0.16401451,0.1536769,0.1086666,0.04645699,0.68757266,0.65430289,0.18875336,0.3256577,0.24622033,0.15619133,-0.10531186,0.73838416,0.54522121,0.05808084,0.17260776,0.16046173,-0.51190199,-0.57625609,0.05178477,0.16123766,0.15747384,0.10640472,0.07562264,0.21960974,0.11824115,-0.14158928,0.18983338,0.46242387,0.66025995,0.24421511,0.64806097,0.17828139,0.26105996,-0.04199253,0.18601837,0.30323956,0.18079902,0.08678384,0.17807599,0.06479493,0.09815292]},{"n_nodes":61,"features":[2,0,3,13,5,2,8,0,0,7,0,0,7,6,0,0,12,0,0,2,7,7,0,0,7,0,0,13,2,0,0,7,0,0,3,0,5,13,0,0,7,0,0,0,0,0,5,7,6,0,0,13,0,0,13,0,0,0,13,0,0],"thresholds":[0.05,0.0,0.2826,0.01,0.0063,0.65835,0.325,0.0,0.0,0.1713,0.0,0.0,0.1333,0.2643,0.0,0.0,0.275,0.0,0.0,0.8294,0.1333,0.0369,0.0,0.0,0.2517,0.0,0.0,0.0272,0.89665,0.0,0.0,0.0931,0.0,0.0,0.93475,0.1136,0.0715,0.0293,0.0,0.0,0.2016,0.0,0.0,0.1678,0.0,0.0,0.0347,0.1333,0.25,0.0,0.0,0.0086,0.0,0.0,0.0071,0.2104,0.0,0.0,0.0101,0.0,0.0],"lefts":[1,-1,3,4,5,6,7,-1,-1,10,-1,-1,13,14,-1,-1,17,-1,-1,20,21,22,-1,-1,25,-1,-1,28,29,-1,-1,32,-1,-1,35,36,37,38,-1,-1,41,-1,-1,44,-1,-1,47,48,49,-1,-1,52,-1,-1,55,56,-1,-1,59,-1,-1],"rights":[2,-1,34,19,12,9,8,-1,-1,11,-1,-1,16,15,-1,-1,18,-1,-1,27,24,23,-1,-1,26,-1,-1,31,30,-1,-1,33,-1,-1,46,43,40,39,-1,-1,42,-1,-1,45,-1,-1,54,51,50,-1,-1,53,-1,-1,58,57,-1,-1,60,-1,-1],"values":[0.0,-0.54673578,0.91031725,1.09602213,1.1074556,1.10965312,0.02654237,0.25905717,-0.16462577,1.11005935,-0.33403485,0.5550916,0.09438157,0.29142293,0.09839218,0.49167475,0.00504672,0.13179427,-0.05908866,0.09853222,0.06213663,0.1864595,-0.19403031,0.11414888,0.0131364,-0.06398258,0.06623967,0.2046113,0.16017606,0.2510101,0.05093113,0.53113085,-0.14584309,0.35277416,0.08822075,0.09162278,0.10910663,0.12112354,0.05785244,0.16945121,0.00931213,0.06176327,-0.04216371,0.08469964,0.0265988,0.04877848,0.0383242,-0.04062774,0.09870304,0.07955067,-0.22362478,-0.09410026,-0.17691405,-0.02369067,0.12775614,0.58303074,0.15953537,0.56215459,0.08790709,-0.17467171,0.07448087]},{"n_nodes":61,"features":[2,0,3,13,5,8,13,0,0,12,0,0,0,0,0,0,13,0,0,12,11,13,0,0,6,0,0,0,7,0,0,0,0,0,4,13,3,0,0,13,7,0,0,12,0,0,7,8,0,0,0,0,0,0,7,9,0,0,13,0,0],"thresholds":[0.05,0.0,0.2826,0.01,0.0063,0.375,0.0079,0.0,0.0,0.325,0.0,0.0,0.2334,0.2046,0.0,0.0,0.007,0.0,0.0,0.225,0.5,0.0251,0.0,0.0,0.2353,0.0,0.0,0.0434,0.227,0.0,0.0,0.0452,0.0,0.0,0.58335,0.023,0.58695,0.0,0.0,0.0284,0.034,0.0,0.0,0.475,0.0,0.0,0.0401,0.375,0.2507,0.0,0.0,0.2334,0.0,0.0,0.0408,0.5,0.0,0.0,0.0213,0.0,0.0],"lefts":[1,-1,3,4,5,6,7,-1,-1,10,-1,-1,13,14,-1,-1,17,-1,-1,20,21,22,-1,-1,25,-1,-1,28,29,-1,-1,32,-1,-1,35,36,37,-1,-1,40,41,-1,-1,44,-1,-1,47,48,49,-1,-1,52,-1,-1,55,56,-1,-1,59,-1,-1],"rights":[2,-1,34,19,12,9,8,-1,-1,11,-1,-1,16,15,-1,-1,18,-1,-1,27,24,23,-1,-1,26,-1,-1,31,30,-1,-1,33,-1,-1,46,39,38,-1,-1,43,42,-1,-1,45,-1,-1,54,51,50,-1,-1,53,-1,-1,58,57,-1,-1,60,-1,-1],"values":[0.0,-0.52705237,0.78008035,1.04103327,1.05889091,1.06234523,-0.21037357,0.13993017,-0.55302032,1.06289101,-0.10223271,0.5315611,0.04952509,-0.02170821,0.02316305,-0.2441452,0.24219066,-0.07310779,0.27501692,0.05128721,0.16847675,0.35689728,0.12899033,0.34412744,-0.01392016,-0.10114485,0.39184544,0.02338571,-0.54177612,0.05099683,-0.64906478,0.03185326,0.51354633,0.01238176,0.044802,0.05343377,0.04310611,0.03530886,0.01081074,0.07995079,0.10459091,-0.18230988,0.05487033,-0.00742066,-0.04659882,0.06037112,0.03118897,-0.12855113,-0.31615643,-0.24108573,0.17657906,0.06817012,0.12878253,-0.21904208,0.03560804,0.82415975,0.09904603,0.67100575,0.034141,0.02506839,0.00223657]},{"n_nodes":61,