{"n_nodes":157,"features":[2,-2,3,5,13,2,-2,7,-2,8,0,0,-2,-2,-2,-2,-2,4,0,-2,-2,1,-2,-2,0,12,2,1,11,5,0,-2,-2,-2,5,-2,6,-2,-2,8,-2,-2,3,-2,2,-2,-2,7,3,7,7,-2,7,-2,7,-2,5,5,-2,-2,-2,10,8,-2,-2,-2,8,-2,6,2,-2,-2,7,-2,-2,-2,6,3,1,0,12,5,7,0,7,-2,7,-2,-2,-2,-2,0,-2,5,0,-2,-2,13,13,-2,-2,5,-2,-2,7,13,-2,0,-2,-2,-2,0,-2,-2,6,3,6,-2,-2,6,-2,-2,-2,12,5,-2,-2,0,-2,6,13,0,-2,-2,2,-2,-2,6,0,-2,9,-2,-2,13,13,7,13,-2,-2,5,7,-2,-2,-2,-2,-2,-2],"thresholds":[0.06585,-2.0,0.2826,0.00725,0.01005,0.7277,-2.0,0.20095,-2.0,0.425,0.26835,0.25665,-2.0,-2.0,-2.0,-2.0,-2.0,0.41665,0.17,-2.0,-2.0,0.45835,-2.0,-2.0,0.13645,0.325,0.395,0.54165,0.5,0.03435,0.07875,-2.0,-2.0,-2.0,0.01635,-2.0,0.1658,-2.0,-2.0,0.375,-2.0,-2.0,0.58695,-2.0,0.5798,-2.0,-2.0,0.38085,0.7174,0.2588,0.0829,-2.0,0.1233,-2.0,0.15465,-2.0,0.05315,0.01705,-2.0,-2.0,-2.0,0.5,0.375,-2.0,-2.0,-2.0,0.275,-2.0,0.144,0.314,-2.0,-2.0,0.2127,-2.0,-2.0,-2.0,0.29225,0.67395,0.54165,0.28695,0.625,0.02815,0.30695,0.25975,0.1349,-2.0,0.21745,-2.0,-2.0,-2.0,-2.0,0.1624,-2.0,0.04755,0.2221,-2.0,-2.0,0.01785,0.01185,-2.0,-2.0,0.06565,-2.0,-2.0,0.30445,0.01215,-2.0,0.20775,-2.0,-2.0,-2.0,0.2933,-2.0,-2.0,0.2242,0.5,0.1253,-2.0,-2.0,0.0754,-2.0,-2.0,-2.0,0.175,0.0326,-2.0,-2.0,0.15115,-2.0,0.03775,0.01775,0.2229,-2.0,-2.0,0.68685,-2.0,-2.0,0.11005,0.219,-2.0,0.5,-2.0,-2.0,0.02615,0.02155,0.16125,0.01425,-2.0,-2.0,0.05245,0.26605,-2.0,-2.0,-2.0,-2.0,-2.0,-2.0],"lefts":[1,-1,3,4,5,6,-1,8,-1,10,11,12,-1,-1,-1,-1,-1,18,19,-1,-1,22,-1,-1,25,26,27,28,29,30,31,-1,-1,-1,35,-1,37,-1,-1,40,-1,-1,43,-1,45,-1,-1,48,49,50,51,-1,53,-1,55,-1,57,58,-1,-1,-1,62,63,-1,-1,-1,67,-1,69,70,-1,-1,73,-1,-1,-1,77,78,79,80,81,82,83,84,85,-1,87,-1,-1,-1,-1,92,-1,94,95,-1,-1,98,99,-1,-1,102,-1,-1,105,106,-1,108,-1,-1,-1,112,-1,-1,115,116,117,-1,-1,120,-1,-1,-1,124,125,-1,-1,128,-1,130,131,132,-1,-1,135,-1,-1,138,139,-1,141,-1,-1,144,145,146,147,-1,-1,150,151,-1,-1,-1,-1,-1,-1],"rights":[2,-1,24,17,16,7,-1,9,-1,15,14,13,-1,-1,-1,-1,-1,21,20,-1,-1,23,-1,-1,76,47,42,39,34,33,32,-1,-1,-1,36,-1,38,-1,-1,41,-1,-1,44,-1,46,-1,-1,75,66,61,52,-1,54,-1,56,-1,60,59,-1,-1,-1,65,64,-1,-1,-1,68,-1,72,71,-1,-1,74,-1,-1,-1,156,123,114,111,104,91,90,89,86,-1,88,-1,-1,-1,-1,93,-1,97,96,-1,-1,101,100,-1,-1,103,-1,-1,110,107,-1,109,-1,-1,-1,113,-1,-1,122,119,118,-1,-1,121,-1,-1,-1,127,126,-1,-1,129,-1,137,134,133,-1,-1,136,-1,-1,143,140,-1,142,-1,-1,155,154,149,148,-1,-1,153,152,-1,-1,-1,-1,-1,-1],"values":[-1,0,-1,-1,-1,-1,5,-1,5,-1,-1,-1,5,5,5,5,5,-1,-1,5,5,-1,5,5,-1,-1,-1,-1,-1,-1,-1,5,5,5,-1,5,-1,5,5,-1,5,5,-1,5,-1,5,5,-1,-1,-1,-1,5,-1,5,-1,5,-1,-1,5,5,5,-1,-1,5,5,5,-1,5,-1,-1,5,5,-1,5,5,5,-1,-1,-1,-1,-1,-1,-1,-1,-1,5,-1,5,5,5,5,-1,5,-1,-1,5,0,-1,-1,5,5,-1,5,5,-1,-1,5,-1,5,5,5,-1,5,5,-1,-1,-1,5,5,-1,0,5,5,-1,-1,5,5,-1,5,-1,-1,-1,5,5,-1,5,5,-1,-1,5,-1,0,5,-1,-1,-1,-1,5,5,-1,-1,5,5,5,5,5,5]}